INSERT INTO city(city_id,city_name,state_id) VALUES('C101','Amaravati','S1'),('C102','Vishakhapatnam','S1'),('C103','Guntur','S1'),
('C201','Itanagar','S2'),
('C301','Dispur','S3'),
('C401','Patna','S4'),
('C501','Raipur','S5'),
('C601','Panaji','S6'),
('C701','Gandhinagar','S7'),
('C801','Chandigarh','S8'),
('C901','Shimla','S9'),
('C1001','Ranchi','S10'),
('C1101','Bengaluru','S11'),
('C1201','Thiruvananthapuram','S12'),
('C1301','Bhopal','S13'),
('C1401','Mumbai','S14'),
('C1501','Imphal','S15'),
('C1601','Shilong','S16'),
('C1701','Aizawl','S17'),
('C1801','Kohima','S18'),
('C1901','Bhubaneshwar','S19'),
('C2001','Chandigarh','S20'),
('C2101','Jaipur','S21'),
('C2201','Gangtok','S22'),
('C2301','Chennai','S23'),
('C2401','Hyderabad','S24'),
('C2501','Agartala','S25'),
('C2601','Lucknow','S26'),
('C2701','Dehradun','S27'),
('C2801','Kolkata','S28'),
('C2901','Port Blair','U1'),
('C3001','Chandigarh','U2'),
('C3101','D&N Haveli','U3'),
('C3201','Daman','U4'),
('C3301','New Delhi','U5'),
('C3401','Srinagar','U6'),
('C3501','Kavaratti','U7'),
('C3601','Pondicherry','U8'),
('C3701','Leh','U9');
//City Taable ends here
INSERT INTO verification(verif_id,Aadhar Card,license) VALUES('V1','1234123412341200','AP0120201234567'),
('V2','1234123412341201','GJ0120191234567'),
('V3','1234123412341202','MH0120181234567'),
('V4','1234123412341203','PN0120171234567'),
('V5','1234123412341204','UP0120201234567'),
('V6','1234123412341205','TN0120211234567'),
('V7','1234123412341206','KN0120161234567'),
('V8','1234123412341207','MP0120001234567'),
('V9','1234123412341208','RJ0120191234567'),
('V10','1234123412341209','OR0120141234567');
//verification taable ends here
INSERT INTO author(author_id,author_name,gender,isbn) VALUES('A1','Chetan Bhagat','M',9788129104595),
('A2','Sudha Murty','F',9780143103295),
('A3','Dan Brown','M',9783785756003),
('A4','Sudha Murty','F',9788186172810),
('A5','Sudha Murty','F',9780143422259),
('A6','Sudha Murty','F',9780143444343),
('A7','Novoneel Chakraborty','M',9788184004328),
('A8','John Green','M',9780142414934),
('A9','Norman Lewis','M',9780747507420),
('A10','Durjoy Dutta','M',9789381841181);
('A11','Mahatma Gandhi','M',9781565115187),
('A12','John Green','M',9780141345659),
('A13','Dan Areily','M',9783954713851),
('A14','Jordan Peterson','M',9783442315536),
('A15','Herman Melville','M',9783863524586),
('A16','Louisa May Alcott','F',9788809810570),
('A17','Daneil H. Pink','M',9781101524275),
('A18','Elliot Aronson','M',9780716726180),
('A19','George Orwell','M',9780141182704),
('A20','Hector Garcia','M',9780143130727),
('A21','Francesc Miralles','M',9780143130727),
('A22','Novoneel Chakraborty','M',9780143441984),
('A23','Novoneel Chakraborty','M',9780143442691),
('A24','Novoneel Chakraborty','M',9788184007906),
('A25','Novoneel Chakraborty','M',9780143427490),
('A26','Novoneel Chakraborty','M',9780143427506),
('A27','Robert T. Kiyosaki','M',9781612680194),
('A28','Robin Sharma','M',9789387944893),
('A29','Timothy Ferriss','M',9780091929114),
('A30','Blake Masters','M',9780753555194),
('A31','Peter Thiel','M',9780753555194),
('A32','Evan Carmicheal','M',9780143109099),
('A33','Devdutt Pattnaik','M',9789353336899),
('A34','Devdutt Pattnaik','M',9788129137708),
('A35','Amish Tripathi','M',9789385152146),
('A36','Novoneel Chakraborty','M',9780143449522),
('A37','Sushant Kaushik','M',9781637455081),
('A38','Ryan Foley','M',9789380741116),
('A39','Sarah Anderson','F',9781449474195),
('A40','J.K. Rowling','F',9781408855652),
('A41','Ruskin Bond','M',9788129144973),
('A42','Siddhartha Gigoo','M',9788129135094),
('A43','Seth Godin','M',9780241370148),
('A44','Joao Bosco Medeires','M',9780241370148),
('A45','Al Ries','M',9781861976109),
('A46','Morgan Housel','M',9789390166268);
//author taable ends here
INSERT into publisher(pub_id,pname,yop,isbn) VALUES('P1','Rupa Publications','2004-10-13',9788129104595),
('P2','Penguin Random House','2000-09-12',9780143103295),
('P3','Penguin Random House','2003-08-11',9788186172810),
('P4','Penguin Random House','2014-07-10',9780143422259),
('P5','Penguin Random House','2018-06-09',9780143444343),
('P6','Penguin Random House','2016-05-08',9788184004328),
('P7','Double Day','2017-04-07',9783785756003),
('P8','Dutton Books','2008-03-06',9780142414934),
('P9','Penguin Books','1949-02-05',9780747507420),
('P10','Penguin Random House','2012-01-04',9789381841181),
('P11','Jaico Publishing House','2019-02-03',9781565115187),
('P12','Dutton Books','2012-03-02',9780141345659),
('P13','Halper Collins','2008-04-01',9783954713851),
('P14','Random House Canada Penguin Allen Lane','2018-05-30',9783442315536),
('P15','Richard Bentley (England) Harper & Brothers (US)','1851-06-29',9783863524586),
('P16','Robert Brothers','1868-07-28',9788809810570),
('P17','RiverHead Books','2009-08-27',9781101524275),
('P18','Random House','1972-09-26',9780716726180),
('P19','Simon & Schuster','1945-10-25',9780141182704),
('P20','penguin random house','2016-11-24',9780143130727),
('P21','Penguin Metro Reads','2018-12-23',9780143441984),
('P22','Penguin','2019-11-22',9780143442691),
('P23','penguin random house','2016-10-21',9788184007906),
('P24','penguin random house','2017-09-20',9780143427490),
('P26','penguin random house','2017-08-19',9780143427506),
('P27','Plata Publishing','2017-07-18',9781612680194),
('P28','Jaico Publishing House','2018-06-17',9789387944893),
('P29','RHUK','2011-05-16',9780091929114),
('P30','Random House','2014-04-15',9780753555194),
('P31','Penguin','2017-03-14',9780143109099),
('P32','Rupa Publications','2019-02-13',9789353336899),
('P33','Rupa Publications','2015-01-12',9788129137708),
('P34','Westland Limited','2015-02-11',9789385152146),
('P35','Penguin Metro Reads','2021-03-10',9780143449522),
('P36','Notion Press','2021-04-09',9781637455081),
('P37','Campfire','2012-05-08',9789380741116),
('P38','Andrews McMeel Publishing','2016-06-07',9781449474195),
('P39','Bloomsbury Childrens Books','2014-07-06',9781408855652),
('P40','Rupa Publications India','2016-08-05',9788129144973),
('P41','Rupa Publications India','2015-09-04',9788129135094),
('P42','Portfolio Penguin','2018-10-03',9780241370148),
('P43','Profile Books Ltd','1994-11-02',9781861976109),
('P44','Jaico Publishing House','2020-12-01',9789390166268);

//publisher taable ends here
INSERT INTO book(isbn,b_name,genre,edition,type,lib_id,ratings) VALUES(9788129104595,'Five Point Someone','Fiction',1,'Paperback','LXXX',3.4),
(9780143103295,'Mahashweta','Fiction',1,'Paperback','LXXX',4.1),
(9788186172810,'Dollar Bahu','Domestic Fiction',1,'Paperback','LXXX',3.7),
(9780143422259,'The Mother I Never Knew','Fiction',1,'Paperback','LXXX',3.7),
(9780143444343,'Here , There And Everywhere','Autobiography',1,'Paperback','LXXX',4.3),
(9788184004328,'Ex','Fiction',1,'Paperback','LXXX',3.9),
(9783785756003,'Origins','Mystery thriller Fiction',1,'Paperback','LXXX',4.2),
(9780142414934,'Paper Towns','Fiction',1,'Paperback','LXXX',4.0),
(9780747507420,'Word Power Made Easy','Self-Help',1,'Hardcover','LXXX',4.4),
(9789381841181,'Till the Last Breath','Romantic Fantasy',1,'Hardcover','LXXX',4.0),
(9781565115187,'The Story of my Experiments with Truth','Autobiography',1,'Paperback','LXXX',4.1),
(9780141345659,'The Fault in Our Stars','Young Adult Fiction',1,'Paperback','LXXX',4.2),
(9783954713851,'Predictably Irrational','Non-fition',1,'Paperback','LXXX',4.1),
(9783442315536,'12 Rules for Life','Self-Help',1,'Hardcover','LXXX',3.9),
(9783863524586,'Moby Dick','Adventure Fiction',1,'Hardcover','LXXX',3.5),
(9788809810570,'Little Women','Children Literature',1,'Hardcover','LXXX',4.1),
(9781101524275,'Drive: The Surprising Truth About What Motivates Us','Self-Help',1,'Hardcover','LXXX',3.9),
(9780716726180,'The Social Animal','Non-Fiction',12,'Paperback','LXXX',3.9),
(9780141182704,'Animal Farm','Political Satire',1,'Paperback','LXXX',4.0),
(9780143130727,'Ikigai','Self-Help',1,'Paperback','LXXX',3.7),
(9780007617012,'The God of Small Things','Psychological Fiction',1,'Paperback','LXXX',3.9),
(9780143441984,'The Best Couple Ever ','Fiction',1,'Paperback','LXXX',4.5),
(9780143442691,'Half Torn Hearts','Fiction',1,'Paperback','LXXX',4.5),
(9788184007906,'Black Suits You','Fiction',1,'Paperback','LXXX',4.4),
(9780143427490,'Forever is a Lie','Fiction',1,'Hardcover','LXXX',4.5),
(9780143427506,'Forever is True','Fiction',2,'Hardcover','LXXX',4.4),
(9781612680194,'Rich Dad Poor Dad','Finance',1,'Hardcover','LXXX',4.6),
(9789387944893,'The 5 AM Club','Non-Fiction',1,'Hardcover','LXXX',4.5),
(9780091929114,'The 4-Hour Work Week','Reference',1,'Hardcover','LXXX',4.4),
(9780753555194,'Zero to One','Economics',1,'Hardcover','LXXX',4.2),
(9780143109099,'Your One Word','Self-Help',1,'Hardcover','LXXX',4.8),
(9789353336899,'How to Become Rich','Personal Transformation',1,'Paperback','LXXX',4.3),
(9788129137708,'My Gita','Historical Fiction',1,'Hardcover','LXXX',4.4),
(9789385152146,'Ram - Scion of Ikshvaku','Historical Fiction',1,'Paperback','LXXX',4.4),
(9780143449522,'Whisper to Me Your Lies ','Fiction',1,'Hardcover','LXXX',4.1),
(9781637455081,'Wandering Wheels','Travel Writing',1,'Hardcover','LXXX',4.9),
(9789380741116,'The Treasured Thief: A Graphic Novel','Comics',1,'Paperback','LXXX',4.0),
(9781449474195,'Adulthood Is a Myth','Humour',1,'Comics','LXXX',4.7),
(9781408855652,'Harry Potter and the Philosophers Stone','Contemporary Fiction',2011,'Paperback','LXXX',4.7),
(9788129144973,'The Perfect Murder','Crime Fiction',1,'Paperback','LXXX',3.9),
(9788129135094,'A Fistful of Earth and Other Stories','Short stories',1,'Paperback','LXXX',4.4),
(9780241370148,'This is Marketing','Creativity',1,'Paperback','LXXX',4.5),
(9781861976109,'The 22 Immutable Laws Of Marketing','Analysis & Strategy',1,'Paperback','LXXX',4.6),
(9789390166268,'The Psychology of Money','Analysis & Strategy',1,'Paperback','LXXX',4.2);
//book taable ends here
